,Rel_BreitGross,RelSpitze_oben,RelSpitze_unten,Anzahl_Linie,Anzahl_Ecken,Anzahl_Kreis,Label
0,0.2870373015046671,0.06,0.6342857142857142,5,2,0,0
1,0.48367706712146596,0.5833333333333334,0.7291666666666666,4,5,0,0
2,0.4955440309651352,0.9854111405835544,0.9893899204244032,12,18,1,0
3,0.4643304075667105,0.7304582210242587,0.6064690026954178,28,15,0,0
4,0.32054206788004164,0.15324675324675324,0.6311688311688312,18,11,0,0
5,0.3350888503206828,0.9807692307692307,0.6692307692307692,0,10,0,0
6,0.5828727082742211,0.840625,0.996875,12,4,0,0
7,0.4347123578192772,0.9823369565217391,0.9959239130434783,10,8,0,0
8,0.29497556357683474,0.7308192457737321,0.58777633289987,16,10,1,0
9,0.29235534915069994,0.08291873963515754,0.4593698175787728,10,8,0,0
10,0.4318349014032872,0.8828828828828829,1.0,23,7,1,0
11,0.3990379220539889,0.12307692307692308,0.5566433566433566,44,7,1,0
12,0.4744744129768241,0.9239766081871345,0.4600389863547758,7,9,0,0
13,0.5552204941038513,0.28660826032540676,0.6808510638297872,24,14,1,0
14,0.3880481138990972,1.0,0.9890510948905109,14,6,0,0
15,0.816655487040524,0.9711286089238845,0.4041994750656168,9,4,0,0
16,0.39854558041395316,0.7611111111111111,0.5444444444444444,8,5,0,0
17,0.681010098694013,0.8022388059701493,0.8880597014925373,61,13,0,0
18,0.6549234678114084,0.571964956195244,0.2853566958698373,46,9,0,0
19,0.5863781739326357,0.38305941845764857,0.6434892541087232,27,32,0,0
20,0.40553692366976024,1.0,0.5147058823529411,15,4,1,0
21,0.3744173780700779,0.7439446366782007,0.7474048442906575,25,3,1,0
22,0.6800034946815787,0.9910873440285205,0.5472370766488414,13,5,0,0
23,0.6619217081850534,0.6854838709677419,0.7688172043010753,2,20,0,0
24,0.49444649875755,0.41255006675567424,0.7423230974632844,13,17,0,0
25,0.3685983269585561,0.9247027741083224,0.6816380449141347,12,3,0,0
26,0.7516915316022634,0.9344262295081968,0.6751117734724292,16,10,0,0
27,0.5448476702259237,0.2853566958698373,0.3166458072590738,1,2,0,0
28,0.4606349794389143,0.15944272445820434,0.37925696594427244,10,15,1,0
29,0.4386937292682925,0.5142857142857142,1.0,17,5,1,0
30,0.4756888939269823,0.9899117276166457,0.6254728877679697,10,5,0,0
31,0.45696792436642863,0.7739130434782608,0.8,2,6,0,0
32,0.5829985576265555,0.840625,0.996875,13,3,0,0
33,0.45192773747303333,0.17523809523809525,0.7733333333333333,9,23,0,0
34,0.7679062152200249,0.5774058577405857,0.9707112970711297,16,7,1,0
35,0.4945700962475741,0.9854497354497355,0.9867724867724867,11,7,1,0
36,0.4972074256583373,0.9967532467532467,0.7321428571428571,5,19,0,0
37,0.7358129495845763,0.8389610389610389,0.6454545454545455,22,13,0,0
38,0.3623788130529852,0.9777777777777777,0.8555555555555555,8,2,0,0
39,0.2574053073231293,1.0,0.6864406779661016,13,5,0,0
40,0.9807964795659411,0.9123904881101377,0.9374217772215269,12,9,0,0
41,0.28533582049751405,0.8346774193548387,0.9919354838709677,3,4,0,0
42,0.2594693997939762,1.0,0.6845070422535211,28,23,0,0
43,0.5407295658631749,0.7794871794871795,0.8589743589743589,11,25,0,0
44,0.36998468532699735,0.06501950585175553,0.5578673602080624,59,10,0,0
45,0.562329815292912,0.2896103896103896,0.6883116883116883,38,4,1,0
46,0.44620837639477745,0.21311475409836064,0.6363636363636364,20,7,0,0
47,0.35532445606850876,0.07179487179487179,0.5397435897435897,24,5,0,0
48,0.45442274959367884,0.9899874843554443,0.5669586983729662,24,2,1,0
49,0.963988833238288,0.8122653316645807,1.0,60,18,0,0
50,0.4042939289259839,1.0,0.6107634543178974,17,4,0,0
51,0.3519127268622903,0.7553648068669528,0.7124463519313304,12,4,0,0
52,0.6551616511665206,0.571964956195244,0.28660826032540676,36,5,0,0
53,0.7544216495325567,0.9626556016597511,0.8423236514522822,5,5,0,0
54,0.3473212311639943,1.0,0.5223880597014925,12,5,0,0
55,0.8902275670082497,0.6585365853658537,1.0,33,11,1,0
56,0.49778926794511724,0.1210762331838565,0.40508221225710017,9,6,1,0
57,0.4789296874100986,0.7869062901155327,0.8664955070603337,16,8,0,0
58,0.2222923233067581,0.11188811188811189,0.45104895104895104,11,1,0,0
59,0.38636840456965016,0.15089163237311384,0.6145404663923183,22,5,0,0
60,0.45049855140279754,0.986232790988736,0.5657071339173968,40,4,1,0
61,0.878601147761295,0.7722222222222223,1.0,10,12,0,0
62,0.932345585282319,0.4785992217898833,0.3754863813229572,3,3,0,0
63,0.4550491326245447,0.9910581222056631,0.5618479880774963,18,6,0,0
64,0.30424336981672795,0.08050847457627118,0.3686440677966102,27,7,0,0
65,0.7200798143710017,1.0,0.9587482219061166,12,18,0,0
66,0.37636666794795587,0.6253443526170799,0.8071625344352618,9,11,0,0
67,0.3704479030990187,0.9232804232804233,0.6865079365079365,11,8,0,0
68,0.4036584041767405,1.0,0.6145181476846058,16,4,0,0
69,0.430339862890554,0.8825301204819277,1.0,21,2,1,0
70,0.34879246340666764,0.1920152091254753,0.6273764258555133,19,5,1,0
71,0.729061273128602,0.9626556016597511,0.9363762102351314,3,9,0,0
72,0.5939281780415527,0.723404255319149,0.3479349186483104,45,15,0,0
73,0.6266728873348996,0.5944233206590621,1.0,15,7,1,0
74,0.3241084466088332,0.16358024691358025,0.6388888888888888,16,7,0,0
75,0.551207721052276,0.9974715549936789,0.618204804045512,33,4,1,0
76,0.30867685575699616,0.9148936170212766,0.9023779724655819,15,4,1,0
77,0.31044764557419086,0.007211538461538462,0.7043269230769231,3,2,0,0
78,0.30603485710899697,0.8949579831932774,0.907563025210084,62,5,1,0
79,0.3476220767762254,1.0,0.5251017639077341,17,3,1,0
80,0.4973832737143677,0.65379113018598,0.2646638054363376,38,5,0,0
81,0.38286713286713286,0.9406392694063926,1.0,7,20,1,0
82,0.45548245085595124,0.9849812265331664,0.5544430538172715,31,6,1,0
83,0.9589508542316574,0.8097622027534418,1.0,68,7,0,0
84,0.6378295835298864,0.7644110275689223,0.550125313283208,11,4,0,0
85,0.470083795953444,0.07259073842302878,0.5632040050062578,16,13,1,0
86,0.5240284420350068,0.5595408895265424,1.0,11,8,0,0
87,0.4449685534591195,0.9257950530035336,1.0,5,12,0,0
88,0.613598978717364,0.8010012515644556,1.0,4,22,0,0
89,0.34887232605394264,0.7586206896551724,0.7155172413793104,11,4,1,0
90,0.4229733820079528,1.0,0.5242718446601942,17,4,1,0
91,0.17963700048750808,1.0,0.948339483394834,0,2,0,0
92,0.9298359796725927,0.47378640776699027,0.37087378640776697,5,3,1,0
93,0.5671174236702866,0.17647058823529413,0.38423028785982477,12,4,1,0
94,0.7259073842302879,0.9411764705882353,1.0,8,4,0,0
95,0.3696269733220803,0.06380208333333333,0.5572916666666666,49,11,0,0
96,0.6520462934380358,0.9842271293375394,0.7681388012618297,19,10,1,0
97,0.5343349763332064,0.28911138923654567,0.3166458072590738,4,6,0,0
98,0.6293323404090481,0.9799247176913425,0.9799247176913425,16,15,0,0
99,0.584692451323496,1.0,0.8277634961439588,14,7,0,0
100,0.5651495363923114,0.957345971563981,0.6966824644549763,0,3,0,0
101,0.6589180304820771,0.989648033126294,0.2028985507246377,3,5,0,0
102,0.29133702174889275,0.10137672090112641,0.45807259073842305,13,5,0,0
103,0.47672385957076285,0.15269086357947434,0.6107634543178974,56,9,0,0
104,0.4366557114908282,0.3923809523809524,0.700952380952381,7,8,1,0
105,0.37623118320487287,0.6602209944751382,0.8080110497237569,12,9,0,0
106,0.47547516713391613,0.15143929912390489,0.6107634543178974,52,6,0,0
107,0.2834000098798748,0.8414634146341463,0.9959349593495935,17,2,0,0
108,0.4895478776759609,0.41388518024032045,0.7463284379172229,20,12,0,0
109,0.7209010837675945,0.9749687108886108,0.9749687108886108,25,11,1,0
110,0.7293257769969347,0.9749687108886108,0.5131414267834794,29,8,1,0
111,0.37332063934401166,0.7465277777777778,0.75,12,15,1,0
112,0.29300974995457296,0.10387984981226533,0.45807259073842305,14,2,1,0
113,0.43221282050032045,0.13350125944584382,0.6045340050377834,78,5,0,0
114,0.4003623120118301,0.3472222222222222,0.15432098765432098,0,11,0,0
115,0.48399854468935716,0.5544430538172715,0.5494367959949937,8,10,0,0
116,0.384541911609128,0.15796703296703296,0.6181318681318682,43,9,0,0
117,0.524306471659668,0.5624103299856528,1.0,7,15,0,0
118,0.4481242851494021,0.6563380281690141,0.5549295774647888,18,4,1,0
119,0.8789998198332177,0.7739251040221914,1.0,11,4,0,0
120,0.6014291861776568,0.9340369393139841,0.9630606860158312,5,16,0,0
121,0.3241485282299711,1.0,0.6129032258064516,24,6,0,0
122,0.47115851402752856,0.6793893129770993,0.7633587786259542,3,3,0,0
123,0.48437300162626484,0.021739130434782608,0.5115942028985507,23,6,1,0
124,0.39878398290797923,0.12027972027972028,0.5412587412587413,62,3,0,0
125,0.5036578892155603,0.02318840579710145,0.5144927536231884,16,10,0,0
126,0.35880356283532955,0.9082321187584346,0.4601889338731444,18,11,1,0
127,0.3062845395617444,0.9106382978723404,0.8808510638297873,41,17,1,0
128,0.33166225833433577,1.0,0.679160419790105,7,6,0,0
129,0.8947067968208279,0.6614583333333334,1.0,13,19,1,0
130,0.6012629648473752,0.9340369393139841,0.9643799472295514,7,3,0,0
131,0.7271589486858573,0.9411764705882353,1.0,11,8,0,0
132,0.549651236942707,0.9929278642149929,0.6053748231966054,45,19,0,0
133,0.43837552310977107,0.3904761904761905,0.700952380952381,7,4,1,0
134,0.6518578292906922,0.9873817034700315,0.7712933753943217,28,2,1,0
135,0.5247483486156268,0.8903566710700133,0.4464993394980185,25,8,0,0
136,0.37455204458477476,1.0,0.43342036553524804,33,3,0,0
137,0.4971192836283579,0.6566951566951567,0.26495726495726496,44,5,1,0
138,0.5454402831787077,0.2853566958698373,0.3078848560700876,6,1,0,0
139,0.7360492771539906,0.8400520156046815,0.6527958387516255,16,15,0,0
140,0.5931620579969195,0.723404255319149,0.3354192740926158,33,9,0,0
141,0.5664747524642345,0.36036036036036034,0.6074646074646075,16,10,0,0
142,0.36244363495987714,0.030183727034120734,0.5708661417322834,11,8,0,0
143,0.44654088050314467,0.9295774647887324,1.0,4,5,0,0
144,0.9542146264407451,1.0,0.9056603773584906,4,5,0,0
145,0.4394636099658405,0.8061538461538461,0.7353846153846154,8,5,1,0
146,0.4442982838991214,0.9052924791086351,0.8844011142061281,22,10,1,0
147,0.49515682303665065,0.12125748502994012,0.4041916167664671,11,9,0,0
148,0.3859247207855496,1.0,0.9853479853479854,11,7,1,0
149,0.2749621133142194,1.0,0.46437994722955145,6,4,0,0
150,0.5850109787846547,1.0,0.8275418275418276,14,9,0,0
151,0.4461369336245986,0.9702970297029703,0.49504950495049505,0,1,0,0
152,0.5251559077544137,0.8866930171277997,0.4453227931488801,13,10,0,0
153,0.442817626186472,0.8498122653316645,1.0,12,10,1,0
154,0.33632080581166296,0.9808429118773946,0.6704980842911877,0,6,0,0
155,0.4617947277718872,0.15193798449612403,0.37209302325581395,11,4,1,0
156,0.45068690648117044,0.9824780976220275,0.5657071339173968,42,3,1,0
157,0.4006377663776336,0.36882716049382713,0.2175925925925926,1,8,0,0
158,0.3475613895781074,0.017094017094017096,0.4465811965811966,13,18,0,0
159,0.4425928374034397,0.9850543478260869,0.9972826086956522,20,8,0,0
160,0.32296450671130594,0.16049382716049382,0.6358024691358025,19,4,0,0
161,0.35365062040361556,1.0,0.7868217054263565,3,5,0,0
162,0.6768177195753091,0.829004329004329,1.0,10,14,1,0
163,0.5343568752032329,0.28911138923654567,0.31539424280350437,5,4,0,0
164,0.9116276459451973,0.8462515883100381,0.9542566709021602,26,6,0,0
165,0.38872218603178416,0.8719590268886044,0.9218950064020487,30,6,1,0
166,0.3897678071770994,0.8732394366197183,0.9218950064020487,28,5,1,0
167,0.9226586731793703,0.98,0.8414285714285714,5,5,1,0
168,0.3591840357236077,0.05901116427432217,0.5039872408293461,8,12,0,0
169,0.3350450466777189,0.9807692307692307,0.6692307692307692,0,12,0,0
170,0.28903578754435005,0.9292786421499293,0.9957567185289957,30,7,0,0
171,0.3235243055168801,0.029490616621983913,0.5107238605898123,16,4,0,0
172,0.2698919753384586,0.7040358744394619,0.7219730941704036,38,4,0,0
173,0.33645385574893355,0.2188679245283019,0.4075471698113208,11,1,0,0
174,0.39290489042077753,0.7112676056338029,0.7147887323943662,31,7,1,0
175,0.34265154555505645,1.0,0.52443857331572,18,2,1,0
176,0.4326999687494892,0.07434402332361516,0.5029154518950437,26,4,0,0
177,0.8199618424790691,0.1840277777777778,0.8055555555555556,4,3,0,0
178,0.5910028603656201,0.7115628970775095,0.2655654383735705,12,8,1,0
179,0.7694889247092015,0.8362989323843416,1.0,40,15,0,0
180,0.4791263079015292,1.0,0.6582446808510638,6,1,0,0
181,0.6543152472439465,0.3071625344352617,0.32920110192837465,21,8,1,0
182,0.7221474148442096,0.8151408450704225,0.8045774647887324,0,3,1,0
183,0.4327703831273958,0.2563237774030354,0.3490725126475548,16,4,0,0
184,0.6168441756183817,1.0,0.8175675675675675,3,3,0,0
185,0.46093155342097986,0.8261964735516373,0.36397984886649876,33,12,0,0
186,0.46057571362636424,0.737171464330413,1.0,12,11,0,0
187,0.33551972125660384,0.9961240310077519,0.6666666666666666,0,10,0,0
188,0.3924364720911863,0.018469656992084433,0.5593667546174143,12,11,0,0
189,0.382347288420356,0.6806451612903226,0.6290322580645161,7,5,0,0
190,0.3533079781156103,0.7416267942583732,0.631578947368421,7,8,1,0
191,0.433149940102193,0.8339350180505415,0.5234657039711191,2,5,1,0
192,0.42818862970777866,0.9845288326300985,0.919831223628692,12,6,0,0
193,0.5279622132731836,0.9218045112781955,0.9097744360902256,8,10,0,0
194,0.4213570679473532,0.8215767634854771,0.6583679114799447,12,7,0,0
195,0.2025834565621942,1.0,0.6878048780487804,10,4,0,0
196,0.5180663716529144,0.8138801261829653,0.6845425867507886,3,2,1,0
197,0.4881179505724319,0.9671641791044776,1.0,7,9,0,0
198,0.4881179505724319,0.9671641791044776,1.0,7,9,0,0
199,0.4289863779993586,0.555921052631579,0.7368421052631579,8,5,0,0
200,0.4289863779993586,0.555921052631579,0.7368421052631579,8,5,0,0
201,0.34958775365355105,0.915057915057915,0.9884169884169884,4,6,0,0
202,0.34958775365355105,0.915057915057915,0.9884169884169884,4,6,0,0
203,0.5702514254060451,1.0,0.9505649717514124,9,7,0,0
204,0.5702514254060451,1.0,0.9505649717514124,9,7,0,0
205,0.5464423521131492,0.40494590417310666,0.8887171561051005,0,18,0,0
206,0.5464423521131492,0.40494590417310666,0.8887171561051005,0,18,0,0
207,0.4856264898332238,0.8380681818181818,0.4914772727272727,3,7,0,0
208,0.4856264898332238,0.8380681818181818,0.4914772727272727,3,7,0,0
209,0.5889956905866731,0.884272997032641,0.4599406528189911,0,7,0,0
210,0.5889956905866731,0.884272997032641,0.4599406528189911,0,7,0,0
211,0.3558054600116816,0.34930448222565685,0.9953632148377125,4,3,1,0
212,0.7325349416941508,0.6834170854271356,0.7788944723618091,0,1,0,0
213,0.37700054274654854,0.5163776493256262,0.8651252408477842,4,4,0,0
214,0.2917236864844691,0.19516129032258064,0.9967741935483871,3,3,0,0
215,0.3093617280179132,0.1792,0.6096,2,2,0,0
216,0.27778554806697486,0.8322147651006712,0.8288590604026845,0,2,0,0
217,0.275965224453361,0.8693467336683417,0.9731993299832495,1,1,0,0
218,0.27972535958864136,0.46904024767801855,0.9845201238390093,14,12,0,0
219,0.28129829984544047,0.9289026275115919,0.8717156105100463,14,8,0,0
220,0.1756573356054705,0.7946428571428571,0.8869047619047619,0,3,0,0
221,0.8345983539163131,0.6642066420664207,0.9944649446494465,17,5,0,0
222,0.8345983539163131,0.6642066420664207,0.9944649446494465,17,5,0,0
223,0.34889763918559796,0.8169014084507042,0.784037558685446,4,4,0,0
224,0.34889763918559796,0.8169014084507042,0.784037558685446,4,4,0,0
225,0.3598941377183483,0.7476190476190476,0.7428571428571429,2,1,0,0
226,0.3598941377183483,0.7476190476190476,0.7428571428571429,2,1,0,0
227,0.7651824046257466,0.8153153153153153,1.0,5,9,0,0
228,0.7651824046257466,0.8153153153153153,1.0,5,9,0,0
229,0.29922604926785984,0.8797814207650273,1.0,13,7,0,0
230,0.6939794825923176,0.7442244224422442,0.8036303630363036,23,15,0,0
231,0.7354636031340679,0.9918433931484503,0.9200652528548124,7,6,0,0
232,0.8422245217751234,0.8926974664679582,1.0,10,6,0,0
233,0.6468252997670659,0.8115942028985508,0.894927536231884,5,8,0,0
234,0.9947095351697062,0.5687203791469194,0.9557661927330173,14,8,0,0
235,0.5607717671126807,0.4485294117647059,0.725,8,6,0,0
236,0.9137680598462156,0.6866537717601547,1.0,12,16,0,0
237,0.6758895576323347,0.9387040280210157,0.28371278458844135,5,11,0,0
238,0.6552357267293757,0.7326892109500805,0.8904991948470209,24,9,0,0
239,0.9864183464416549,0.5996705107084019,0.9126853377265239,11,5,0,0
240,0.2116526066885112,0.035398230088495575,0.5120101137800253,17,3,1,1
241,0.26788200881363666,0.04380475594493116,0.45431789737171463,6,12,1,1
242,0.7147720666525007,0.7665094339622641,0.6320754716981132,0,9,0,1
243,0.3141490670989934,1.0,0.5763097949886105,5,4,0,1
244,0.3241551939924906,0.9987484355444305,0.9987484355444305,7,1,1,1
245,0.23789900844262896,1.0,0.4056047197640118,7,1,1,1
246,0.4571577439832298,0.9877862595419847,0.9969465648854962,11,10,0,1
247,0.25997491826117913,0.0625782227784731,0.5244055068836045,16,1,1,1
248,0.22896893930126347,0.012949640287769784,0.4949640287769784,11,6,0,1
249,0.25213665795563134,1.0,0.9241706161137441,7,1,1,1
250,0.2881674142390055,0.6333333333333333,0.8148148148148148,4,3,0,1
251,0.46853942007899996,0.8835820895522388,0.608955223880597,2,4,0,1
252,0.3634651600753296,0.7202072538860104,0.44041450777202074,2,4,0,1
253,0.25129135971893823,1.0,0.38967136150234744,24,14,1,1
254,0.24943517450025104,0.9951690821256038,0.9468599033816425,0,8,1,1
255,0.4781420765027322,0.9890710382513661,0.9904371584699454,6,11,0,1
256,0.24803468903465203,1.0,0.4776579352850539,13,9,0,1
257,0.24928474434283926,1.0,0.4278169014084507,10,4,0,1
258,0.38900795756368534,0.10514018691588785,0.4439252336448598,12,3,1,1
259,0.24550360942667623,0.046894803548795945,0.41191381495564006,13,12,0,1
260,0.16982433928692578,0.0466786355475763,0.414721723518851,10,3,0,1
261,0.2059337942532031,1.0,0.53232462173315,5,3,1,1
262,0.4468009023452026,0.01957831325301205,0.5813253012048193,6,2,1,1
263,0.2706283631329942,1.0,0.5330330330330331,17,9,1,1
264,0.25717876310153026,1.0,0.4270650263620387,8,4,0,1
265,0.2722958951149751,0.282994923857868,0.21446700507614214,8,1,1,1
266,0.20766420554503615,1.0,0.53232462173315,3,7,0,1
267,0.3216280469027023,0.22752043596730245,0.40599455040871935,13,6,0,1
268,0.6266471449487555,0.8294392523364486,0.6285046728971962,10,24,1,1
269,0.37632776934749623,1.0,0.9959677419354839,2,6,1,1
270,0.2533386218177331,0.06292134831460675,0.9932584269662922,7,2,0,1
271,0.2704635767561791,1.0,0.43645699614890887,11,30,0,1
272,0.28252133887851694,0.1811764705882353,0.6047058823529412,9,34,1,1
273,0.6388152236722252,0.007566204287515763,0.34047919293820933,21,8,1,1
274,0.19623973030924807,1.0,0.45348837209302323,17,7,0,1
275,0.23720101278443503,0.034328358208955224,0.5149253731343284,10,2,1,1
276,0.6030150753768844,0.8791666666666667,0.7875,3,1,0,1
277,0.4284760239706734,0.7689530685920578,0.48736462093862815,9,11,0,1
278,0.5405504956625979,0.7379032258064516,0.3629032258064516,7,4,0,1
279,0.6505262708838239,0.8025889967637541,1.0,3,8,0,1
280,0.7386666666666667,0.9458483754512635,0.855595667870036,3,1,0,1
281,0.3224745862674824,0.9851551956815114,0.9851551956815114,2,4,1,1
282,0.24212034383954154,0.9940828402366864,0.9881656804733728,2,2,1,1
283,0.46513407233748577,0.27472527472527475,0.6781789638932496,6,31,0,1
284,0.37846286790824996,1.0,0.6595744680851063,6,2,0,1
285,0.4051416125678089,0.8257839721254355,0.6376306620209059,3,3,1,1
286,0.3055050943646426,0.1932245922208281,0.465495608531995,9,5,0,1
287,0.22348598862319294,1.0,0.4721549636803874,6,1,0,1
288,0.3933624873866664,0.7607142857142857,0.5178571428571429,3,2,0,1
289,0.30642320531297235,0.042692939244663386,0.5730706075533661,9,1,1,1
290,0.32110577325965917,1.0,0.5067873303167421,3,20,1,1
291,0.3241551939924906,0.9987484355444305,0.9987484355444305,9,2,1,1
292,0.26012715725012736,1.0,0.4340659340659341,19,3,1,1
293,0.23153942428035043,0.9899874843554443,0.9887359198998749,5,14,1,1
294,0.29,0.9741379310344828,1.0,4,3,1,1
295,0.4725990975397379,0.38391502276176026,0.3535660091047041,7,1,0,1
296,0.4018282426935952,0.9684044233807267,0.9936808846761453,4,18,1,1
297,0.7083854818523154,0.6032540675844806,1.0,11,4,0,1
298,0.3324325801585754,0.2807486631016043,0.27941176470588236,7,1,0,1
299,0.32016839782168505,1.0,0.5804289544235925,0,14,0,1
300,0.3659322576862054,0.05381727158948686,0.2765957446808511,13,2,0,1
301,0.31357048748353095,0.7184873949579832,0.42857142857142855,16,3,1,1
302,0.2234184274352862,1.0,0.4721549636803874,6,1,0,1
303,0.5955620406180561,1.0,0.9114219114219114,0,6,0,1
304,0.46952175263221285,0.3638297872340426,0.7425531914893617,25,3,1,1
305,0.3506058297779538,0.9540229885057471,0.9604086845466155,1,1,0,1
306,0.41419713245669176,1.0,0.3970802919708029,5,8,1,1
307,0.34054054054054056,0.9963963963963964,0.9963963963963964,4,5,0,1
308,0.3785248692803135,0.05131414267834793,0.35544430538172717,9,1,1,1
309,0.21908117023444512,0.9836289222373806,0.9863574351978172,6,27,1,1
310,0.24432768360948426,0.9803149606299213,0.9803149606299213,5,12,1,1
311,0.19925233760192346,0.1798469387755102,0.46811224489795916,6,6,0,1
312,0.3742424472216884,1.0,1.0,4,4,1,1
313,0.5815217391304348,0.9345794392523364,0.9439252336448598,0,1,0,1
314,0.2664899279990403,1.0,0.5324283559577677,15,20,0,1
315,0.9075057621241773,0.49390243902439024,0.4146341463414634,7,3,0,1
316,0.2862129144851658,0.8353658536585366,0.6707317073170732,5,3,1,1
317,0.2999325350076875,0.7739130434782608,0.45217391304347826,5,21,0,1
318,0.28608593608811583,0.6296296296296297,0.8185185185185185,1,2,0,1
319,0.3648393194706994,0.7253886010362695,0.44559585492227977,4,12,0,1
320,0.29538054412366527,0.9737171464330413,0.8986232790988736,0,5,0,1
321,0.22297297297297297,0.9851351351351352,0.9932432432432432,3,9,0,1
322,0.19868041875149525,0.23473541383989144,0.3677069199457259,34,9,0,1
323,0.20974939516014798,0.017509727626459144,0.519455252918288,12,11,1,1
324,0.2501866161183949,0.688293370944993,0.8265162200282088,5,2,1,1
325,0.17563203657686202,0.013533834586466165,0.48872180451127817,0,11,0,1
326,0.3229474983082584,0.14382402707275804,0.5905245346869712,7,3,0,1
327,0.6184117018149515,0.7268518518518519,0.4837962962962963,1,19,0,1
328,0.33880198482491464,0.9945945945945946,0.9927927927927928,11,5,0,1
329,0.4115776604384383,1.0,0.4315352697095436,18,4,1,1
330,0.31856540084388185,0.6490066225165563,0.2781456953642384,4,4,0,1
331,0.2503363703432155,1.0,0.5108005082592122,12,32,1,1
332,0.226564322041698,1.0,0.5287009063444109,4,1,1,1
333,0.2751677852348993,0.9892617449664429,0.9932885906040269,2,3,0,1
334,0.3588081581410264,0.985632183908046,0.9669540229885057,4,9,1,1
335,0.21587743732590528,0.9032258064516129,1.0,1,1,1,1
336,0.4270947216685863,0.9821109123434705,0.9821109123434705,4,7,0,1
337,0.46553564485556437,0.29893778452200304,0.26858877086494687,7,4,0,1
338,0.31553025537561985,1.0,0.3710691823899371,22,2,1,1
339,0.24539640462901077,1.0,1.0,9,12,0,1
340,0.2902629941888013,0.027137042062415198,0.6309362279511533,4,2,1,1
341,0.5272483595152728,1.0,0.7294117647058823,4,14,1,1
342,0.1853454215214187,0.036,0.47733333333333333,7,3,0,1
343,0.42684740625664,0.985663082437276,0.985663082437276,6,3,0,1
344,0.25352211415438763,0.0617906683480454,0.5258511979823455,16,4,0,1
345,0.5284969436843993,1.0,0.41602465331278893,14,11,0,1
346,0.27641009467917654,1.0,0.47104851330203446,7,3,0,1
347,0.9874843554443054,0.8948685857321652,0.8748435544430538,8,13,0,1
348,0.21070692790555767,0.01949317738791423,0.5224171539961013,10,8,1,1
349,0.2417739613674462,0.9940828402366864,0.9881656804733728,4,69,1,1
350,0.32,0.6447368421052632,0.27631578947368424,8,5,1,1
351,0.29307282415630553,0.8242424242424242,0.6545454545454545,4,5,0,1
352,0.3602080624187256,0.8916967509025271,0.5848375451263538,6,4,0,1
353,0.2550491041555454,1.0,0.5531914893617021,13,8,0,1
354,0.7896694476442366,0.3938356164383562,0.3886986301369863,2,30,0,1
355,0.3502563177871742,0.6568265682656826,0.7859778597785978,1,2,1,1
356,0.33788097928655253,0.19145802650957292,0.19293078055964655,4,7,0,1
357,0.1988804930499944,1.0,0.48743718592964824,26,10,0,1
358,0.40959573216094053,1.0,0.45255474452554745,25,7,0,1
359,0.3596011702701541,0.9414556962025317,0.23575949367088608,1,2,0,1
360,0.293213828425096,0.9807938540332907,0.9846350832266325,6,10,1,1
361,0.3712248221845636,0.9937888198757764,0.906832298136646,1,10,0,1
362,0.327131891399379,0.079002079002079,0.498960498960499,7,6,0,1
363,0.41221309466627243,0.9742489270386266,0.7939914163090128,8,4,0,1
364,0.3086190302401517,1.0,0.48158640226628896,5,3,0,1
365,0.2934901775530939,0.16063675832127353,0.44573082489146165,9,12,1,1
366,0.17372217401105644,0.9407313997477932,0.9621689785624212,12,3,1,1
367,0.4188839181675704,0.24521739130434783,0.48,13,6,0,1
368,0.27528169275563774,1.0,0.5376175548589341,13,28,1,1
369,0.2502510780193605,1.0,0.9934640522875817,4,11,1,1
370,0.3326834850202217,0.27770360480640854,0.27770360480640854,3,3,0,1
371,0.24161974997177627,0.017743979721166033,0.42839036755386567,15,3,0,1
372,0.4295858000744124,0.9838998211091234,0.9856887298747764,4,38,0,1
373,0.32355559031182646,0.14695945945945946,0.589527027027027,9,3,0,1
374,0.41450125872590465,1.0,0.37900874635568516,5,2,1,1
375,0.25969512829188346,1.0,0.43191196698762035,9,19,1,1
376,0.22888665299777539,0.04028776978417266,0.48201438848920863,17,14,0,1
377,0.18506612597819777,0.03333333333333333,0.4786666666666667,4,2,0,1
378,0.32388663967611336,0.9838056680161943,0.9851551956815114,7,14,1,1
379,0.2393735384592157,0.6231292517006802,0.8217687074829932,5,2,1,1
380,0.27994575213676104,1.0,0.4007537688442211,22,2,1,1
381,0.34088880111053027,0.20270270270270271,0.6177606177606177,4,5,0,1
382,0.4526850213023378,0.13892365456821026,0.5356695869837297,4,1,1,1
383,0.2321479034141791,0.9930795847750865,0.9930795847750865,4,10,0,1
384,0.1893296276804227,0.15143929912390489,0.5607008760951189,7,0,0,1
385,0.3039294033451372,0.09887359198998748,0.5444305381727159,12,4,0,1
386,0.3241551671271168,0.9987484355444305,0.9987484355444305,7,8,0,1
387,0.3245899672511297,0.06790123456790123,0.522633744855967,7,8,0,1
388,0.24034334763948498,0.9940476190476191,0.9880952380952381,0,3,1,1
389,0.35471204188481675,0.988929889298893,0.6863468634686347,3,8,0,1
390,0.41468877709039076,0.8020477815699659,0.6177474402730375,6,2,0,1
391,0.16213155591865291,0.0967741935483871,0.4444444444444444,8,4,0,1
392,0.3636814011370581,0.7536231884057971,0.42391304347826086,11,5,0,1
393,0.66,1.0,1.0,0,3,0,1
394,0.2709824067003617,0.9980276134122288,0.46942800788954636,7,8,1,1
395,0.573325552419365,0.922316384180791,0.9138418079096046,5,4,1,1
396,0.35691536760012105,0.9890909090909091,1.0,5,10,0,1
397,0.4132562766635226,1.0,0.43232044198895025,21,3,0,1
398,0.6420486850463505,0.937037037037037,0.6888888888888889,0,2,1,1
399,0.4563838800780744,0.9987373737373737,0.6313131313131313,3,9,0,1
400,0.3504376034667446,0.6556776556776557,0.7875457875457875,0,3,1,1
401,0.46939245249690775,0.384012539184953,0.6786833855799373,11,4,0,1
402,0.27939226198061334,0.8442728442728443,0.9845559845559846,9,3,1,1
403,0.527602842561972,1.0,0.39838709677419354,16,5,0,1
404,0.2327909887359199,0.9874843554443054,0.986232790988736,8,47,1,1
405,0.32266420277208546,0.21662125340599456,0.40735694822888285,16,2,0,1
406,0.20972006125706522,0.035398230088495575,0.5082174462705437,19,2,1,1
407,0.26807518074726944,0.06508135168961202,0.43429286608260326,8,1,1,1
408,0.36475233131933293,0.7459807073954984,0.977491961414791,2,11,0,1
409,0.30540612996589933,0.044481054365733116,0.57166392092257,9,1,0,1
410,0.16145181476846057,1.0,1.0,4,3,0,1
411,0.2590120160213618,0.9587628865979382,0.8969072164948454,5,11,1,1
412,0.3510871512433535,1.0,0.44624447717231225,8,1,0,1
413,0.22646511339430409,1.0,0.530920060331825,4,4,1,1
414,0.22476446837146702,0.9865410497981157,0.9932705248990579,6,11,0,1
415,0.4650678067728564,0.7941176470588235,0.5661764705882353,2,5,0,1
416,0.3449962729101787,0.848605577689243,0.9760956175298805,1,5,0,1
417,0.341187316706413,0.2065081351689612,0.4030037546933667,20,6,0,1
418,0.19482486042207844,0.28940217391304346,0.3654891304347826,34,6,0,1
419,0.5566549717104031,0.9186535764375876,0.9032258064516129,5,5,0,1
420,0.5261028427914611,1.0,0.7276995305164319,3,4,1,1
421,0.75,0.9197530864197531,0.9135802469135802,0,1,0,1
422,0.3130531411768952,0.027237354085603113,0.5045395590142672,38,5,0,1
423,0.7725118483412322,0.9289099526066351,0.9620853080568721,0,6,0,1
424,0.23722149410222804,0.9515072083879423,0.9541284403669725,11,4,1,1
425,0.3349040336715617,0.5270935960591133,0.18719211822660098,5,7,1,1
426,0.5082283133746988,0.89375,0.10625,0,7,0,1
427,0.31037923971403386,1.0,0.567699836867863,0,8,1,1
428,0.23919141724064494,1.0,0.5757575757575758,9,45,1,1
429,0.2578348509660375,1.0,0.47309136420525655,4,1,0,1
430,0.5818640444965018,0.5694444444444444,0.6620370370370371,0,2,0,1
431,0.2556529467099677,0.011264080100125156,0.4618272841051314,18,3,0,1
432,0.7211811820498216,1.0,0.994475138121547,4,13,1,1
433,0.35674902330250424,0.9400510204081632,0.6020408163265306,2,7,0,1
434,0.476775956284153,0.9890710382513661,0.9904371584699454,9,4,0,1
435,0.47329494173627334,0.3844984802431611,0.3541033434650456,4,4,0,1
436,0.33883781515523764,0.697560975609756,0.36097560975609755,13,4,0,1
437,0.23535128719315584,0.05779569892473118,0.5255376344086021,15,4,0,1
438,0.314851563113191,1.0,0.37358490566037733,24,2,1,1
439,0.5557491289198606,1.0,1.0,3,5,0,1
440,0.30458585699978746,0.1934673366834171,0.4623115577889447,10,1,0,1
441,0.33753501400560226,0.8713692946058091,0.7053941908713693,6,4,1,1
442,0.32334501019122847,0.14358108108108109,0.589527027027027,11,5,0,1
443,0.25,0.9848901098901099,0.9876373626373627,3,10,1,1
444,0.6312652183476787,0.5139186295503212,0.702355460385439,9,3,0,1
445,0.653770382615196,0.7019230769230769,0.3894230769230769,0,4,0,1
446,0.5324076108500434,0.9575,0.9575,1,7,0,1
447,0.97557169564303,0.5129533678756477,0.19430051813471502,2,17,0,1
448,0.4641025011977921,0.786096256684492,0.9893048128342246,1,3,0,1
449,0.3879629255143856,0.8724137931034482,0.15172413793103448,16,6,0,1
450,0.8977835521859661,0.9538043478260869,1.0,1,2,1,1
451,0.8347226525403858,1.0,0.9518518518518518,0,2,0,1
452,0.39276095593006466,0.893048128342246,0.7165775401069518,2,4,0,1
453,0.4069767441860465,0.3523809523809524,0.1761904761904762,5,4,0,1
454,0.6835443037974683,0.5253164556962026,0.7816455696202531,3,11,0,1
455,0.3986168955693935,0.9861111111111112,0.9479166666666666,0,11,0,1
456,0.37315000972060913,0.9925925925925926,0.8074074074074075,0,4,0,1
457,0.6794305276938079,0.9445727482678984,0.42032332563510394,13,2,0,1
458,0.7805038572012843,0.9092872570194385,0.9222462203023758,1,19,0,1
459,0.4858701589449011,0.8220551378446115,0.37343358395989973,0,4,0,1
460,0.3825756022100422,0.9693140794223827,0.9729241877256317,3,4,0,1
461,0.8444444444444444,1.0,0.9956140350877193,0,2,0,1
462,0.2911917209299984,1.0,0.511177347242921,6,7,0,1
463,0.2,0.9436893203883495,1.0,4,2,1,1
464,0.3102409638554217,1.0,0.9969879518072289,5,21,0,1
465,0.6403765123465177,0.7894736842105263,0.6842105263157895,0,6,1,1
466,0.31343283582089554,0.991044776119403,0.9940298507462687,5,14,0,1
467,0.2021843459947239,0.9846153846153847,0.9865384615384616,6,2,0,1
468,0.406690684247601,1.0,0.9428571428571428,1,2,0,1
469,0.21036106750392464,0.880690737833595,0.8838304552590267,2,3,1,1
470,0.20612244897959184,0.9755102040816327,0.9857142857142858,3,6,1,1
471,0.21524663677130046,0.8020833333333334,0.4479166666666667,2,3,0,1
472,0.28832405630608904,0.6901408450704225,0.3873239436619718,3,5,0,1
473,0.2665351865286263,0.7381889763779528,0.6377952755905512,2,1,0,1
474,0.3123209169054441,1.0,0.9541547277936963,4,2,0,1
475,0.3232769556880199,1.0,0.993993993993994,7,6,1,1
476,0.4136555903468851,0.7209302325581395,0.7767441860465116,0,4,0,1
477,0.3355415845529344,0.9415384615384615,0.9846153846153847,0,2,0,1
478,0.3248587570621469,0.4548022598870056,0.8954802259887006,0,1,0,1
479,0.18604651162790697,0.8754152823920266,0.915282392026578,6,1,0,1
480,0.3814440239013523,0.9093655589123867,0.9274924471299094,6,2,0,1
481,0.5014562861663568,0.9876543209876543,0.9783950617283951,0,3,1,1
482,0.21780465390566914,0.3623853211009174,0.9885321100917431,0,2,1,1
483,0.3583652986550833,0.9620853080568721,0.9597156398104265,0,1,1,1
484,0.32414836046426887,0.9385964912280702,0.9736842105263158,2,4,0,1
485,0.363178567470664,0.9427710843373494,0.9879518072289156,2,2,0,1
486,0.33783783783783783,0.40878378378378377,0.972972972972973,0,12,0,1
487,0.21181262729124237,0.7780040733197556,1.0,2,4,0,1
488,0.49429937650528205,0.9752808988764045,0.9865168539325843,0,5,1,1
489,0.30268042556535835,1.0,0.28852459016393445,0,5,0,1
490,0.6562192933095856,1.0,0.984251968503937,5,2,0,1
491,0.4507264714959668,0.6693548387096774,0.3951612903225806,5,2,1,1
492,0.7216748768472906,0.8907849829351536,0.8873720136518771,3,9,0,1
493,0.9425344849380219,0.9694915254237289,0.9864406779661017,1,8,0,1
494,0.6571609470520027,0.7596899224806202,0.44573643410852715,5,4,0,1
495,0.6405357463683268,0.6925,0.4275,5,5,1,1
496,0.41598477638685755,0.9198855507868383,0.9084406294706724,7,14,1,1
497,0.4202533106265762,1.0,0.5775127768313458,7,7,0,1
498,0.5257497811181198,0.8746355685131195,0.9475218658892128,0,8,0,1
499,0.7295285359801489,0.9925558312655087,0.9975186104218362,16,2,0,1
500,0.5473017380984451,0.4206896551724138,0.3931034482758621,2,1,0,1
501,0.8055399062965984,0.9629629629629629,1.0,18,3,0,1
502,0.8071188525319711,0.5953846153846154,0.9215384615384615,20,3,0,1
503,0.58359191813993,0.665893271461717,0.8677494199535963,11,2,0,1
504,0.7699661158886398,1.0,0.9043824701195219,13,13,0,1
505,0.6781914893617021,0.788235294117647,0.6666666666666666,0,3,0,1
506,0.544669943909461,0.4891640866873065,0.5975232198142415,4,2,0,1
507,0.6104499659105138,0.4954128440366973,0.5657492354740061,2,3,0,1
508,0.4958672141145924,0.3045186640471513,0.5972495088408645,15,3,0,1
509,0.5037470429496181,1.0,0.8585526315789473,9,3,0,1
510,0.8654432377365242,1.0,0.8857142857142857,4,2,0,1
511,0.9637619597327447,0.5817174515235457,0.6121883656509696,3,5,0,1
512,0.7272493716935658,0.8013029315960912,1.0,8,2,0,1
513,0.9414903878018388,1.0,0.9257294429708223,4,3,0,1
514,0.9444419175280037,0.7405247813411079,0.5247813411078717,1,2,0,1
515,0.5036063358363245,0.3515981735159817,0.5616438356164384,5,2,0,1
516,0.7423934772351838,0.7814207650273224,1.0,4,1,0,1
517,0.8123865340085796,0.6191536748329621,0.7683741648106904,2,3,0,1
518,0.6080938636900063,0.2907949790794979,0.5188284518828452,5,2,0,1
519,0.5667034525542082,0.35224586288416077,0.5815602836879432,1,3,0,1
520,0.4795178675367175,0.24788732394366197,0.5464788732394367,1,6,0,1
521,0.6527686169062175,1.0,0.9335106382978723,8,2,0,1
522,0.4568472812863862,0.42696629213483145,0.6741573033707865,13,3,0,1
523,0.47955433914280715,1.0,0.36160714285714285,5,1,0,1
524,0.5039759002084762,0.30923076923076925,0.6046153846153847,5,5,0,1
525,0.5912241285581536,0.4584615384615385,0.36,2,2,0,1
526,0.7466813249907678,0.823240589198036,1.0,22,2,0,1
527,0.8235677956832534,0.7827648114901257,1.0,14,2,0,1
528,0.705115068960465,0.6297169811320755,0.9292452830188679,3,3,0,1
529,0.7298444130127298,1.0,1.0,36,2,0,2
530,0.7417356199666422,0.7184873949579832,0.2710084033613445,3,10,0,2
531,0.2648993522238337,0.95900439238653,0.9531478770131772,2,13,0,2
532,0.9651687287976514,0.8202702702702702,0.6405405405405405,17,11,1,2
533,0.5670920644539841,0.7835820895522388,0.7935323383084577,21,10,0,2
534,0.761258626467224,0.9235569422776911,1.0,6,12,0,2
535,0.32083389015938435,0.9560975609756097,0.8975609756097561,0,6,0,2
536,0.6837616949556229,0.7153284671532847,1.0,28,24,0,2
537,0.8194883940178525,0.8961038961038961,0.7977736549165121,1,7,0,2
538,0.9000113545193636,0.5818476499189628,0.3857374392220421,27,12,0,2
539,0.7241379310344828,0.5555555555555556,0.10884353741496598,18,10,0,2
540,0.7156118259269579,0.9283536585365854,0.7179878048780488,3,13,0,2
541,0.7083871588703384,0.5778688524590164,0.1557377049180328,5,7,0,2
542,0.353839073438527,1.0,0.6700898587933247,5,9,0,2
543,0.3405238828967643,0.9547511312217195,0.8687782805429864,4,1,1,2
544,0.3306440507687495,0.9541284403669725,0.8302752293577982,0,5,1,2
545,0.6599610984449646,0.7228144989339019,1.0,17,21,0,2
546,0.3974774370213087,1.0,0.888283378746594,31,2,0,2
547,0.5181476846057572,0.9082125603864735,1.0,52,16,1,2
548,0.7220321480383415,0.2524407252440725,0.3179916317991632,1,10,0,2
549,0.8435609040862234,0.7539823008849558,0.9398230088495575,21,13,0,2
550,0.5,0.8153846153846154,0.6076923076923076,7,3,0,2
551,0.5096996640717801,0.8886107634543179,0.4693366708385482,39,19,0,2
552,0.37141825460279826,0.9651567944250871,0.9512195121951219,2,7,0,2
553,0.45539604081647833,1.0,0.66993006993007,50,11,0,2
554,0.3731966756375449,0.9618055555555556,0.9444444444444444,4,6,1,2
555,0.8914249275134314,0.7182539682539683,0.35185185185185186,29,4,0,2
556,0.7091267518238671,0.5770020533880903,0.15195071868583163,40,6,0,2
557,0.4972578951475447,1.0,0.9987029831387808,31,13,0,2
558,0.30104097798291024,0.09078014184397164,0.573049645390071,6,12,0,2
559,0.425654319469425,0.27225130890052357,0.7975567190226877,6,13,0,2
560,0.7036654491486471,0.9448476052249637,0.7329462989840348,11,15,0,2
561,0.2690863579474343,1.0,1.0,12,4,0,2
562,0.4240409703074357,0.819078947368421,0.8947368421052632,22,19,0,2
563,0.7481535703368336,0.5708215297450425,0.06940509915014165,2,6,0,2
564,0.3098111436700997,0.5316622691292876,0.07519788918205805,0,10,0,2
565,0.3593199128969452,0.4511930585683297,0.09761388286334056,5,10,0,2
566,0.4581168365833439,0.7642752562225475,0.14494875549048317,8,5,0,2
567,0.8379453427325414,0.8055555555555556,0.5787037037037037,20,14,0,2
568,0.3949657460288373,0.8127208480565371,0.9540636042402827,5,14,0,2
569,0.23153358610380242,0.9431818181818182,0.7386363636363636,1,7,0,2
570,0.5751295336787565,0.7454954954954955,1.0,9,17,1,2
571,0.6890010209433043,0.5257270693512305,0.19686800894854586,0,8,0,2
572,0.8758388077455527,0.5342465753424658,0.2237442922374429,8,22,0,2
573,0.9957964254289323,0.804755944931164,0.6871088861076345,22,15,1,2
574,0.9858376401379761,0.597452229299363,0.22038216560509555,10,17,0,2
575,0.4120614494265485,0.7750865051903114,0.6920415224913494,6,24,0,2
576,0.9190452852514054,0.32791327913279134,0.27235772357723576,16,8,1,2
577,0.7147977787297187,0.7045454545454546,1.0,22,19,1,2
578,0.8469775135931463,0.562862669245648,0.1102514506769826,7,5,0,2
579,0.5854914740199814,0.07085346215780998,0.2995169082125604,8,21,0,2
580,0.5256954061695748,0.9012048192771084,0.8072289156626506,15,13,0,2
581,0.7330051695481646,0.7504990019960079,1.0,24,12,0,2
582,0.32687171030405543,0.8914728682170543,0.9534883720930233,15,22,0,2
583,0.9722392055145516,0.60625,0.31666666666666665,2,16,0,2
584,0.9652934373690317,0.6735294117647059,0.38823529411764707,9,12,0,2
585,0.3982197906668194,0.832258064516129,0.9,9,25,0,2
586,1.0,0.55819774718398,0.12891113892365458,3,8,0,2
587,0.8300987427986879,1.0,0.9515050167224081,17,7,0,2
588,0.7235434286645261,1.0,0.8941605839416058,8,7,0,2
589,0.5784788878684647,0.02302158273381295,0.45755395683453237,10,14,0,2
590,0.615769729827343,0.7479674796747967,1.0,11,11,1,2
591,0.8775843481540802,0.7801556420233463,0.20622568093385213,8,31,0,2
592,0.6015413506697646,0.755011135857461,1.0,25,22,0,2
593,0.3064044871953374,1.0,0.4555694618272841,13,3,0,2
594,0.34176295409715884,0.1933240611961057,0.4242002781641168,3,5,0,2
595,0.4611959848763737,0.1326219512195122,0.7408536585365854,6,12,0,2
596,0.40966278123184124,0.7731958762886598,0.5223367697594502,12,6,0,2
597,0.5008787346221442,0.5614035087719298,0.12631578947368421,6,14,0,2
598,0.6206901003347606,0.8462664714494875,0.5739385065885798,14,13,0,2
599,0.5328571428571428,0.8954423592493298,1.0,1,12,0,2
600,0.489508401262015,0.45013123359580054,0.06955380577427822,0,10,0,2
601,0.2684556253674452,0.002607561929595828,0.3820078226857888,17,14,0,2
602,0.6012516621017412,0.8687943262411347,0.599290780141844,3,19,0,2
603,0.1415982193002259,0.8543689320388349,0.970873786407767,16,8,0,2
604,0.4987179487179487,0.8174807197943444,0.609254498714653,5,6,0,2
605,0.7166205860790589,1.0,0.8305785123966942,10,15,1,2
606,0.9947089947089947,0.549645390070922,0.10638297872340426,12,7,0,2
607,0.9678610905640145,0.6657018813314037,0.37626628075253254,7,16,0,2
608,0.39681742165917333,0.9377049180327869,0.8918032786885246,12,12,0,2
609,0.5617994837829328,0.7938461538461539,1.0,7,9,0,2
610,0.47544671168488134,1.0,0.1410459587955626,4,8,1,2
611,0.6473596805670913,0.26753670473083196,0.38499184339314846,1,11,0,2
612,0.8248977394733912,1.0,0.8951965065502183,19,8,0,2
613,0.8581235697940504,0.562929061784897,0.10068649885583524,6,9,0,2
614,0.4496662836686299,0.5972602739726027,0.32602739726027397,6,11,1,2
615,0.6398528706336913,0.7709637046307884,0.2878598247809762,9,4,0,2
616,0.7479406919275123,0.5198237885462555,0.1828193832599119,13,8,0,2
617,0.9081016706036347,0.34791252485089463,0.33001988071570576,14,3,0,2
618,0.2263159158794428,0.11359026369168357,0.4665314401622718,6,7,0,2
619,0.5810569516855995,0.8637137989778535,0.6132879045996593,6,18,0,2
620,0.35879599557946035,0.18717948717948718,0.7,21,9,0,2
621,1.0,1.0,1.0,18,1,0,2
622,0.6878819400824433,1.0,0.8654434250764526,22,3,1,2
623,0.4285024999327049,0.3914174252275683,0.8530559167750326,10,14,0,2
624,0.7440658016145355,0.28717948717948716,0.23076923076923078,0,10,0,2
625,0.6409780806441372,0.7037773359840954,1.0,9,7,0,2
626,0.8116161148871729,0.6635071090047393,1.0,21,15,0,2
627,0.6894511426213765,0.716636197440585,1.0,25,18,0,2
628,0.3676285870029865,0.8088737201365188,0.931740614334471,13,10,1,2
629,0.268733850129199,0.8701923076923077,0.8125,24,8,1,2
630,0.6385401925019762,0.772215269086358,0.2878598247809762,9,4,0,2
631,0.8586497890295358,0.5626535626535627,0.12530712530712532,2,10,0,2
632,0.5061013831247947,0.17327459618208516,0.4581497797356828,4,10,0,2
633,0.36716791979949875,0.8327645051194539,0.9180887372013652,14,13,1,2
634,0.6877363561318752,1.0,0.8316666666666667,6,21,0,2
635,0.9954918043436359,0.8088050314465409,0.9257861635220126,50,16,0,2
636,0.5700369280060743,0.9215686274509803,1.0,4,16,0,2
637,0.9409020217729394,0.5867768595041323,0.12231404958677686,8,5,0,2
638,0.8861921031716407,0.9447236180904522,0.7914572864321608,14,5,1,2
639,0.6859802382024093,0.5232067510548524,0.31223628691983124,1,8,0,2
640,0.5835437410824167,0.727069351230425,1.0,18,14,1,2
641,0.48172323759791125,0.8130081300813008,0.5501355013550135,9,18,0,2
642,0.6037746607786082,0.753880266075388,1.0,17,23,0,2
643,0.7594230487033603,0.7410468319559229,0.3677685950413223,31,15,0,2
644,0.8882770716953371,0.27545909849749584,0.9215358931552587,43,15,0,2
645,0.36919330045922943,0.7829787234042553,0.9404255319148936,14,13,0,2
646,0.2696542696123592,1.0,0.5539568345323741,14,8,0,2
647,0.18983114754525945,0.8367346938775511,0.6666666666666666,3,8,1,2
648,0.4403043621066285,0.1603960396039604,0.499009900990099,18,8,0,2
649,0.589859364662872,0.8660869565217392,0.6052173913043478,1,12,0,2
650,0.4925234958339741,0.7651715039577837,1.0,7,13,0,2
651,0.9629087262613484,1.0,0.7138849929873773,26,23,0,2
652,0.38568810072017734,0.8029739776951673,0.8364312267657993,14,20,0,2
653,0.3235937238440718,0.8875968992248062,0.9534883720930233,19,19,0,2
654,0.6619980524154018,0.689922480620155,1.0,17,3,0,2
655,0.519224205203372,0.4412568306010929,0.9439890710382514,9,24,0,2
656,0.47599537421756705,0.16194331983805668,0.5080971659919028,11,12,0,2
657,0.7406798428198141,0.8122653316645807,0.6545682102628285,5,23,0,2
658,0.7286302718957017,0.8005018820577164,0.657465495608532,5,16,0,2
659,0.2806298223104688,1.0,0.5741626794258373,14,2,0,2
660,0.7599916449375679,0.0676056338028169,0.32535211267605635,20,18,0,2
661,0.6358662999988197,0.7286585365853658,0.5442073170731707,17,15,1,2
662,0.31680875047997753,0.1802252816020025,0.7171464330413017,11,4,0,2
663,0.3479449702180679,0.7977941176470589,0.8198529411764706,15,13,1,2
664,0.35326449314570346,1.0,0.670076726342711,4,6,0,2
665,0.8373763736859813,0.6793760831889082,1.0,28,15,0,2
666,0.8337887919640263,0.6788194444444444,1.0,45,13,0,2
667,0.8976834914002858,1.0,0.5311827956989247,17,4,0,2
668,0.41712248654950446,0.449438202247191,0.19662921348314608,7,6,0,2
669,0.43651850802747605,1.0,0.8773466833541927,9,17,0,2
670,0.9587861057202728,0.6755244755244755,0.5118881118881119,14,17,1,2
671,0.5654706636835646,1.0,0.6905766526019691,6,15,0,2
672,0.9645980761969005,0.6092436974789915,0.3172268907563025,0,14,0,2
673,0.9050159538886807,0.6645807259073843,0.9274092615769712,34,11,0,2
674,0.6365209573482474,0.7290715372907154,0.4779299847792998,13,25,1,2
675,0.685542453325912,1.0,0.8316666666666667,6,14,1,2
676,0.5122471600106534,0.3032994923857868,0.3426395939086294,10,12,1,2
677,0.49614387928482706,0.14638447971781304,0.6772486772486772,35,10,0,2
678,0.7214291840090746,1.0,0.8921389396709324,6,7,0,2
679,0.6902526640706927,0.5246636771300448,0.19506726457399104,1,7,0,2
680,0.8232687756853709,0.7293519695044473,1.0,12,17,0,2
681,0.33324692883812407,0.2152777777777778,0.425,6,6,0,2
682,0.38819418153414315,0.9016949152542373,0.9932203389830508,38,16,0,2
683,0.8512134592737652,0.6814946619217082,1.0,2,5,1,2
684,0.8269914762313724,1.0,0.8966521106259098,14,10,0,2
685,0.3508091161320851,0.9363295880149812,0.8764044943820225,19,13,0,2
686,0.7211356962223472,0.5449640287769785,0.09712230215827339,10,1,0,2
687,0.19298244596469205,0.9848484848484849,0.9848484848484849,20,14,0,2
688,0.9860631455453037,0.7834179357021996,0.8206429780033841,2,7,0,2
689,0.39763104841717334,1.0,0.888283378746594,23,4,0,2
690,0.5137614678899083,0.9489795918367347,0.9005102040816326,38,10,0,2
691,0.3760129627261684,0.1581769436997319,0.82171581769437,9,15,0,2
692,0.5440916475661519,0.06841339155749636,0.3333333333333333,7,21,0,2
693,0.7262278873477948,0.6396396396396397,0.8738738738738738,12,5,0,2
694,0.7478117039977749,0.5722379603399433,0.0708215297450425,3,14,0,2
695,0.32807745591939547,0.9647749510763209,0.45792563600782776,5,2,0,2
696,0.7393796981377807,0.604602510460251,0.1401673640167364,6,12,0,2
697,0.91,0.5769230769230769,0.163003663003663,7,8,0,2
698,0.4084507042253521,0.7758620689655172,0.5275862068965518,4,5,0,2
699,0.38270319555792537,0.0034071550255536627,0.6303236797274276,29,32,0,2
700,0.9374220509196575,0.2933130699088146,0.34194528875379937,2,24,0,2
701,0.3982067104496708,0.832258064516129,0.9,20,15,0,2
702,0.1878698224852071,0.7952755905511811,0.6929133858267716,1,5,1,2
703,0.9281080059917634,0.5614886731391586,0.3656957928802589,31,18,0,2
704,0.21054062166534843,0.9929078014184397,1.0,4,3,0,2
705,0.7155750642774813,0.5441441441441441,0.0972972972972973,8,3,0,2
706,0.6941885961188983,0.7816813048933501,0.5909661229611042,4,11,0,2
707,0.9160170579930308,0.3130081300813008,0.23983739837398374,16,11,1,2
708,0.5198756400232746,0.9230769230769231,0.26713286713286716,42,4,0,2
709,0.5164172832627631,0.8811013767209012,0.4618272841051314,41,17,0,2
710,0.19049928151180762,0.7984496124031008,0.6976744186046512,2,9,1,2
711,0.30629523750892457,1.0,0.4518147684605757,8,4,0,2
712,0.22623533605475935,1.0,0.3850085178875639,7,2,1,2
713,0.39487179487179486,0.8376623376623377,0.9058441558441559,16,16,0,2
714,0.8656442139117981,0.5037735849056604,0.4528301886792453,33,12,0,2
715,0.5157322965182467,0.4453551912568306,0.9398907103825137,3,13,0,2
716,0.20725720390091787,1.0,0.37375178316690444,7,6,0,2
717,0.42880493797149216,0.9425287356321839,0.9195402298850575,3,18,0,2
718,0.49179264904889136,0.5164556962025316,0.8088607594936709,29,10,1,2
719,0.6482693114869611,0.265905383360522,0.3833605220228385,3,14,0,2
720,0.5018780223247118,0.40665701881331406,1.0,2,24,0,2
721,0.8754511025404015,0.6805555555555556,0.3726851851851852,5,25,0,2
722,0.4367816091954023,0.6992481203007519,0.8533834586466166,1,9,1,2
723,0.7300641649481212,0.7384230287859824,0.6545682102628285,6,16,0,2
724,0.35276554995479087,0.9365671641791045,0.8805970149253731,13,16,0,2
725,0.4974125348699203,0.04979253112033195,0.34232365145228216,13,5,0,2
726,0.9040166804403758,0.6658322903629537,0.8873591989987485,26,11,0,2
727,0.5788150333659162,0.3861209964412811,0.42704626334519574,2,12,1,2
728,0.9523793515395461,0.5638686131386861,0.13686131386861314,2,11,0,2
729,0.9567644697960578,0.6007005253940455,0.13660245183887915,24,7,0,2
730,0.49547218628719275,0.9987063389391979,0.9987063389391979,15,11,0,2
731,0.4868183071625977,0.4691516709511568,0.06555269922879177,2,12,0,2
732,0.854217808402891,0.5939490445859873,0.13853503184713375,8,19,0,2
733,0.9509675964002512,0.5975177304964538,0.13652482269503546,22,11,0,2
734,0.6404657184763343,0.6832298136645962,0.6972049689440993,22,12,0,2
735,0.7577743287183908,0.8026905829596412,1.0,14,16,0,2
736,0.5172334157227345,0.8256658595641646,0.612590799031477,27,7,0,2
737,0.25560223188026826,0.21122994652406418,0.37032085561497324,21,5,0,2
738,0.8984474659923107,0.7349397590361446,1.0,9,12,0,2
739,0.6457043410869427,1.0,0.654911838790932,10,17,0,2
740,0.8341881873599196,0.6776429809358753,1.0,19,20,0,2
741,0.5164595153965894,0.30095541401273884,0.945859872611465,5,31,0,2
742,0.4524696908612554,0.25727069351230425,0.5324384787472036,23,8,0,2
743,0.8987680648070756,0.8460575719649562,0.5632040050062578,6,8,0,2
744,0.9538351004732226,0.9086357947434293,0.9987484355444305,10,24,0,2
745,0.9013468405871934,0.2638230647709321,0.10742496050552923,20,15,0,2
746,0.819653168153489,0.4823091247672253,0.24581005586592178,3,15,1,2
747,0.35444743935309975,0.8783269961977186,0.935361216730038,23,16,1,2
748,0.46857106067927223,0.8189415041782729,0.5682451253481894,10,7,0,2
749,0.47060368421030346,0.9238095238095239,0.9551020408163265,9,4,0,2
750,0.7540274431215643,0.7947434292866082,0.5982478097622027,39,15,0,2
751,0.3247510567856999,0.728,0.952,6,10,0,2
752,0.6351299159883509,1.0,0.5447897623400365,24,12,1,2
753,0.4642282768132283,0.8237547892720306,0.8275862068965517,8,27,0,2
754,0.5697318198845888,1.0,0.9724655819774718,6,19,0,2
755,0.4294058891415999,0.7856191744340879,0.303595206391478,15,4,1,2
756,0.6746833266117349,0.6222222222222222,0.9162393162393162,14,4,1,2
757,0.3634224887953248,0.8421052631578947,0.8872180451127819,21,16,0,2
758,0.28785227212848813,0.970873786407767,0.8786407766990292,4,5,0,2
759,0.3888569769926251,0.8118466898954704,0.7491289198606271,2,6,0,2
760,0.8730080988464525,0.512743628185907,0.11694152923538231,3,10,0,2
761,0.6515233614718502,0.3517730496453901,0.7049645390070922,31,12,1,2
762,0.648788958759022,0.904,0.7973333333333333,6,14,0,2
763,0.6968085106382979,0.16489361702127658,0.16312056737588654,3,14,0,2
764,0.5093051240255713,0.8190184049079755,0.5644171779141104,13,9,0,2
765,0.728085233512047,0.47466216216216217,1.0,13,12,0,2
766,0.6175278159971255,0.5389908256880734,0.41743119266055045,3,11,0,2
767,0.6380495491655127,0.9574468085106383,0.851063829787234,2,7,1,2
768,0.974648937947082,0.5514834205933682,0.10296684118673648,7,5,0,2
769,0.6471582338939904,0.7926356589147286,0.7945736434108527,8,11,0,2
770,0.5350108907485956,0.9882943143812709,0.8712374581939799,0,18,0,2
771,0.5969442600338742,0.5400593471810089,0.516320474777448,0,17,0,2
772,0.5376344086021505,0.9874551971326165,1.0,8,12,0,2
773,0.6940684052904694,0.5525568181818182,0.375,2,6,0,2
774,0.8657581505820555,0.6119186046511628,0.21656976744186046,7,7,0,2
775,0.7969952967418698,0.6755905511811023,0.30236220472440944,9,13,0,2
776,0.8323744790147641,0.4846153846153846,0.49038461538461536,1,19,0,2
777,0.7136127322125282,0.6838565022421524,1.0,5,8,0,2
778,0.651132055499721,0.7588126159554731,0.7569573283858998,7,10,0,2
779,0.6327822018384942,0.7679814385150812,1.0,18,20,0,2
780,0.5633029852123098,0.12307692307692308,0.7076923076923077,23,21,0,2
781,0.88215016645552,0.18032786885245902,0.06229508196721312,5,8,0,2
782,0.26651480637813213,0.44646924829157175,0.44419134396355353,0,7,0,2
783,0.25516650600538,0.9808,0.976,11,7,0,2
784,0.25544040801942064,0.9985358711566618,0.9970717423133236,5,9,1,2
785,0.4186239500857775,0.9576719576719577,0.9523809523809523,4,10,1,2
786,0.17389378894957655,1.0,0.33163265306122447,1,9,0,2
787,0.5919140218962677,0.21220930232558138,0.19186046511627908,2,4,0,2
788,0.666693841193477,1.0,0.8558758314855875,6,8,0,2
789,0.9554636564048844,0.56,0.16,0,10,0,2
790,0.7479173693028007,0.5695538057742782,0.5774278215223098,4,11,0,2
791,0.964572669947368,0.6829787234042554,0.34893617021276596,0,6,0,2
792,0.828850503970562,0.5502873563218391,0.07327586206896551,3,7,0,2
793,0.7404741613760634,0.8422273781902552,0.7494199535962877,14,19,0,2
794,0.6170700267480843,0.9692058346839546,0.9692058346839546,9,17,0,2
795,0.8394393188685109,0.7032755298651252,0.23892100192678228,2,25,0,2
796,0.9766058419842605,0.9932318104906938,0.9847715736040609,9,25,0,2
797,0.6940004695700341,1.0,0.6946564885496184,8,7,0,2
798,0.97032264918523,0.7568181818181818,1.0,11,8,0,2
799,0.5524170578157527,0.4810725552050473,0.14826498422712933,1,11,0,2
800,0.879216421983144,0.3151750972762646,0.33852140077821014,1,8,0,2
801,0.896028294112517,0.7490842490842491,0.5879120879120879,23,7,0,2
802,0.7088613452335505,0.584375,0.240625,3,8,0,2
803,0.7824691727089268,0.5614973262032086,0.22994652406417113,10,11,0,2
804,0.9774229521788846,0.6971046770601337,0.5412026726057907,11,6,0,2
